customer_id,first_name,last_name,gender,age,country
CS00001,Isadora,Porto,Female,19,Brazil
CS00002,Hugo,Carreño,Male,33,Chile
CS00003,René,Olivera,Male,65,Mexico
CS00004,Luiz Henrique,Pinto,Male,55,Brazil
CS00005,Leonardo,Monteiro,Male,19,Brazil
CS00006,Lourdes,Salas,Female,32,Mexico
CS00007,João Miguel,Fernandes,Male,53,Brazil
CS00008,María,Paz,Female,32,Colombia
CS00009,Elizabeth,Jara,Female,18,Chile
CS00010,Cynthia,Ruiz,Male,62,Mexico
CS00011,Ramon,Saavedra,Male,35,Chile
CS00012,Yeni,Laboy,Female,39,Mexico
CS00013,Helena,Pereira,Female,42,Brazil
CS00014,Alejandro,González,Male,40,Chile
CS00015,Matías,Muñoz,Male,20,Chile
CS00016,Francisco,Torres,Male,52,Colombia
CS00017,Diana,Rodríguez,Female,23,Colombia
CS00018,Rigoberto,Gallardo,Male,58,Chile
CS00019,Sebastián,Alarcón,Male,54,Chile
CS00020,Nathan,Melo,Male,20,Brazil
CS00021,Jerónimo,Alemán,Female,36,Mexico
CS00022,Joaquim,Gomes,Male,32,Brazil
CS00023,Lívia,Cardoso,Female,42,Brazil
CS00024,Liliana,Burbano,Female,58,Colombia
CS00025,Victoria,Alegría,Female,28,Chile
CS00026,Paula,Fernández,Female,31,Chile
CS00027,Diego,Navarrete,Male,62,Chile
CS00028,Gabriel,Jesus,Male,56,Brazil
CS00029,Antonio,Gallardo,Male,52,Mexico
CS00030,Francisco,Cornejo,Female,28,Mexico
CS00031,Lorena,Sanabria,Female,35,Colombia
CS00032,Javier,Hinojosa,Female,61,Mexico
CS00033,Esther,Ribeiro,Female,32,Brazil
CS00034,Ana Beatriz,Mendes,Female,38,Brazil
CS00035,Antonio,González,Male,22,Chile
CS00036,Héctor,Toledo,Male,31,Chile
CS00037,María,Carrillo,Female,43,Colombia
CS00038,Alexander,Mena,Male,27,Colombia
CS00039,Gabino,Ordóñez,Male,33,Mexico
CS00040,Manuel,Correa,Male,65,Chile
CS00041,Carmenza,Manrique,Female,55,Colombia
CS00042,Felipe,Ibarra,Male,32,Chile
CS00043,José,Ríos,Male,23,Colombia
CS00044,Joaquim,da Mota,Male,25,Brazil
CS00045,Rosario,Mena,Female,61,Mexico
CS00046,Valentina,Moura,Female,42,Brazil
CS00047,Armando,Barrera,Male,51,Colombia
CS00048,Evelyn,da Cruz,Female,61,Brazil
CS00049,Marcelo,Duarte,Male,61,Brazil
CS00050,Juan,Navarro,Male,59,Chile
CS00051,Matheus,Dias,Male,36,Brazil
CS00052,Felix,Velázquez,Female,47,Mexico
CS00053,Cristopher,Rodríguez,Male,50,Chile
CS00054,Raquel,Zedillo,Male,50,Mexico
CS00055,Pedro Lucas,Melo,Male,58,Brazil
CS00056,Óscar,Quezada,Male,27,Mexico
CS00057,Mónica,Beltrán,Female,52,Mexico
CS00058,Júlia,Santos,Female,56,Brazil
CS00059,Luisa,Orozco,Female,19,Colombia
CS00060,Astrid,Figueroa,Female,37,Chile
CS00061,Guilherme,Dias,Male,33,Brazil
CS00062,Lucas Gabriel,Campos,Male,23,Brazil
CS00063,Angélica,Mosquera,Female,22,Colombia
CS00064,Enrique,Sanabria,Male,26,Mexico
CS00065,Alexis,Castillo,Male,53,Colombia
CS00066,Johanna,Contreras,Female,51,Chile
CS00067,Marlon,Cano,Male,31,Colombia
CS00068,Sandra,Estrada,Male,63,Mexico
CS00069,Angélica,Sánchez,Female,60,Colombia
CS00070,Jorge,Correa,Male,46,Chile
CS00071,Paola,Ortiz,Female,25,Colombia
CS00072,Alma,Santiago,Female,22,Mexico
CS00073,Calebe,Martins,Male,55,Brazil
CS00074,Fidel,Villaseñor,Female,55,Mexico
CS00075,Emilly,Fernandes,Female,22,Brazil
CS00076,Enzo Gabriel,Gonçalves,Male,32,Brazil
CS00077,Augusto,Fogaça,Male,39,Brazil
CS00078,Abelardo,Vergara,Female,35,Mexico
CS00079,Aura,Rojas,Female,31,Colombia
CS00080,Jerónimo,Rocha,Male,64,Mexico
CS00081,Nayibe,Arias,Female,33,Colombia
CS00082,Antonio,Rivera,Male,44,Colombia
CS00083,Kevin,Teixeira,Male,24,Brazil
CS00084,Óscar,Ramírez,Male,40,Colombia
CS00085,Alexander,Beltrán,Male,47,Colombia
CS00086,Emanuel,Almeida,Male,61,Brazil
CS00087,Pedro,Carvalho,Male,21,Brazil
CS00088,Bárbara,Rodríguez,Female,24,Chile
CS00089,Violeta,Cardenas,Female,30,Mexico
CS00090,Albeiro,García,Male,26,Colombia
CS00091,Florencia,Barraza,Female,35,Mexico
CS00092,Miriam,Velásquez,Male,22,Mexico
CS00093,Pedro,Dias,Male,21,Brazil
CS00094,Clara,Sales,Female,23,Brazil
CS00095,Claudio,Armas,Female,28,Mexico
CS00096,Ferney,Martínez,Male,48,Colombia
CS00097,Fernanda,Flórez,Female,21,Colombia
CS00098,Diego,Hoyos,Male,18,Colombia
CS00099,Marcela,Lozano,Female,34,Colombia
CS00100,Duván,Sierra,Male,36,Colombia
CS00101,Carlos,Sánchez,Male,27,Colombia
CS00102,Ariela,Rojas,Female,31,Chile
CS00103,Stella,Almeida,Female,55,Brazil
CS00104,Olivia,Cardoso,Female,65,Brazil
CS00105,Lucas Gabriel,da Paz,Male,21,Brazil
CS00106,Alberto,Mendoza,Male,50,Colombia
CS00107,Aurora,Montero,Female,21,Mexico
CS00108,Stephany,Jesus,Female,29,Brazil
CS00109,Lucca,da Cunha,Male,61,Brazil
CS00110,Reynaldo,Bueno,Male,43,Mexico
CS00111,Anel,Acuña,Female,55,Mexico
CS00112,Catarina,Barros,Female,57,Brazil
CS00113,Camilo,Lozano,Male,60,Colombia
CS00114,Maximiliano,Hormazábal,Male,34,Chile
CS00115,Leonardo,Valdés,Male,33,Chile
CS00116,Jenny,Castillo,Female,26,Colombia
CS00117,Domingo,Sanhueza,Male,47,Chile
CS00118,Maria Fernanda,Rocha,Female,18,Brazil
CS00119,Vitória,Barbosa,Female,22,Brazil
CS00120,Silvano,Almaraz,Female,50,Mexico
CS00121,Úrsula,Alba,Male,40,Mexico
CS00122,Cauê,Mendes,Male,33,Brazil
CS00123,Karol,Adasme,Female,28,Chile
CS00124,Damián,Álvarez,Male,57,Chile
CS00125,João Vitor,Oliveira,Male,60,Brazil
CS00126,María,Contreras,Female,60,Chile
CS00127,Aida,Cruz,Female,34,Mexico
CS00128,Ian,Pereira,Male,65,Brazil
CS00129,Violeta,Loya,Male,35,Mexico
CS00130,Barbara,Peña,Female,63,Mexico
CS00131,Mateo,Salazar,Female,61,Mexico
CS00132,Sergio,Varas,Male,50,Chile
CS00133,Sebastián,Baeza,Male,21,Chile
CS00134,Luz,Guzmán,Female,35,Colombia
CS00135,Stephany,Porto,Female,39,Brazil
CS00136,Lourdes,Mora,Male,58,Mexico
CS00137,Verónica,Leal,Female,28,Chile
CS00138,Edilma,Martínez,Female,53,Colombia
CS00139,Juan,Vargas,Male,53,Colombia
CS00140,Nicole,Correia,Female,22,Brazil
CS00141,Jonás,Salas,Female,52,Mexico
CS00142,Manuel,Silva,Male,55,Chile
CS00143,Nayeli,Ramón,Female,45,Mexico
CS00144,Milena,Nascimento,Female,37,Brazil
CS00145,Laís,Souza,Female,40,Brazil
CS00146,Mariano,Ulloa,Female,60,Mexico
CS00147,Florencia,Barrientos,Female,53,Chile
CS00148,Julián,Uribe,Male,57,Colombia
CS00149,Jesús,Frías,Female,33,Mexico
CS00150,Jacobo,Reynoso,Male,29,Mexico
CS00151,Andrea,Mendoza,Female,19,Colombia
CS00152,Paola,Burgos,Female,44,Chile
CS00153,Alfonso,Zapata,Female,35,Mexico
CS00154,Enzo Gabriel,Costa,Male,42,Brazil
CS00155,João Guilherme,Vieira,Male,48,Brazil
CS00156,Teodoro,Rosario,Female,47,Mexico
CS00157,Emilia,Cancino,Female,32,Chile
CS00158,João Pedro,das Neves,Male,60,Brazil
CS00159,Luis,Torres,Male,39,Colombia
CS00160,Isabella,Lima,Female,35,Brazil
CS00161,Elena,Vargas,Female,61,Colombia
CS00162,Ana,Gajardo,Female,19,Chile
CS00163,Filomena,Garrido,Female,29,Chile
CS00164,Mirna,Pizarro,Female,20,Chile
CS00165,Adriana,Quintero,Female,40,Colombia
CS00166,Valentina,López,Female,45,Chile
CS00167,Kamilly,da Paz,Female,42,Brazil
CS00168,Zacarías,Cervantes,Male,34,Mexico
CS00169,Alix,Rodríguez,Female,18,Colombia
CS00170,Juan,Llamas,Male,41,Mexico
CS00171,André,da Cruz,Male,60,Brazil
CS00172,Josefina,Vilches,Female,57,Chile
CS00173,Sofia,Caldeira,Female,64,Brazil
CS00174,Jonathan,Muñoz,Male,50,Chile
CS00175,Cristina,Ortega,Female,38,Colombia
CS00176,Pablo,Fonseca,Male,53,Chile
CS00177,Liliana,Vélez,Male,44,Mexico
CS00178,Martha,Cáceres,Female,61,Colombia
CS00179,Espartaco,Domínguez,Female,57,Mexico
CS00180,Sylvia,Cáceres,Female,43,Chile
CS00181,Alícia,Ramos,Female,37,Brazil
CS00182,Adalberto,Tijerina,Female,45,Mexico
CS00183,Freddy,Marín,Male,47,Chile
CS00184,Silvia,Gil,Female,61,Colombia
CS00185,Yaneth,Bravo,Female,65,Colombia
CS00186,Lorenzo,Silva,Male,36,Brazil
CS00187,Carmen,Santana,Female,23,Chile
CS00188,Flavio,Farías,Female,61,Mexico
CS00189,Verónica,Alba,Female,30,Mexico
CS00190,Vicente,Souza,Male,20,Brazil
CS00191,Andrés,Escobar,Male,57,Colombia
CS00192,Brenda,Cardoso,Female,47,Brazil
CS00193,Virginia,Fuentes,Male,63,Mexico
CS00194,Armando,González,Male,49,Colombia
CS00195,Esperanza,Caraballo,Female,27,Mexico
CS00196,João Lucas,da Conceição,Male,24,Brazil
CS00197,Luz,Flórez,Female,32,Colombia
CS00198,Ignacio,García,Male,21,Colombia
CS00199,Rosario,Luevano,Female,25,Mexico
CS00200,Caridad,Portillo,Male,47,Mexico
CS00201,Ernesto,Barrera,Male,46,Chile
CS00202,Fidel,Tovar,Male,53,Colombia
CS00203,Patricia,Cruz,Female,65,Mexico
CS00204,Edna,Hernández,Female,46,Colombia
CS00205,Julio,Tirado,Female,58,Mexico
CS00206,Antonio,Rodríguez,Male,58,Colombia
CS00207,Ítalo,Osorio,Male,46,Chile
CS00208,Nelson,Cárcamo,Male,33,Chile
CS00209,Francisco,Quezada,Male,38,Chile
CS00210,Brenda,Porto,Female,26,Brazil
CS00211,Salvador,Ríos,Female,42,Mexico
CS00212,Paola,Gollum,Male,63,Mexico
CS00213,Gabriela,Pinto,Female,44,Brazil
CS00214,Pascale,Olivares,Female,52,Chile
CS00215,Yurani,Orozco,Female,21,Colombia
CS00216,Brayan,Molina,Male,42,Colombia
CS00217,Gustavo Henrique,Pereira,Male,54,Brazil
CS00218,Edier,Rueda,Male,18,Colombia
CS00219,Domingo,Santander,Male,37,Chile
CS00220,Libia,Espitia,Female,44,Colombia
CS00221,Guillermo,Gaytán,Male,49,Mexico
CS00222,Lidia,Zúñiga,Female,45,Chile
CS00223,Isis,da Rosa,Female,42,Brazil
CS00224,Alejandro,Mejía,Male,64,Colombia
CS00225,Jhoan,Gamboa,Male,26,Colombia
CS00226,Davi Lucca,Cavalcanti,Male,43,Brazil
CS00227,Theo,Oliveira,Male,23,Brazil
CS00228,Jessica,Aguilar,Female,26,Colombia
CS00229,Francy,Valderrama,Female,29,Colombia
CS00230,María,Reyes,Female,42,Chile
CS00231,Ramiro,Segovia,Female,47,Mexico
CS00232,Ariel,Rodríguez,Male,42,Chile
CS00233,Marcela,Posada,Female,34,Colombia
CS00234,Ana Luiza,Cavalcanti,Female,48,Brazil
CS00235,Maria Eduarda,Fogaça,Female,40,Brazil
CS00236,Maria Sophia,Rocha,Female,59,Brazil
CS00237,Sophie,Costa,Female,33,Brazil
CS00238,Isis,Costela,Female,57,Brazil
CS00239,Víctor,Ureña,Male,26,Mexico
CS00240,Sophie,da Rosa,Female,54,Brazil
CS00241,Francisco Javier,Tello,Female,47,Mexico
CS00242,Julio,Quintanilla,Male,41,Chile
CS00243,Isabelly,da Cruz,Female,28,Brazil
CS00244,Josefa,Barahona,Female,24,Chile
CS00245,Lara,Araújo,Female,37,Brazil
CS00246,Jonathan,Bustamante,Male,43,Colombia
CS00247,Paulina,Baeza,Male,22,Mexico
CS00248,Amanda,Contreras,Male,24,Mexico
CS00249,José,Rojas,Male,61,Chile
CS00250,Lara,Caldeira,Female,54,Brazil
CS00251,Laura,Gomes,Female,40,Brazil
CS00252,María,Rodríguez,Female,60,Colombia
CS00253,Maria,Sales,Female,50,Brazil
CS00254,Ruth,Cea,Female,18,Chile
CS00255,Johana,Londoño,Female,49,Colombia
CS00256,Alejandro,López,Male,41,Colombia
CS00257,Fredy,Sandoval,Male,63,Colombia
CS00258,José,Restrepo,Male,29,Colombia
CS00259,Johnny,Berríos,Male,57,Chile
CS00260,Consuelo,Rivera,Female,47,Colombia
CS00261,Luis,Bastías,Male,38,Chile
CS00262,Rebeca,Jurado,Male,23,Mexico
CS00263,Laura,Rojas,Female,33,Colombia
CS00264,María,Navarro,Female,54,Colombia
CS00265,José,Mora,Male,39,Colombia
CS00266,Enrique,Rodríguez,Male,38,Colombia
CS00267,Johana,Mosquera,Female,31,Colombia
CS00268,Mario,Urrutia,Male,39,Chile
CS00269,Virginia,Alegría,Female,53,Chile
CS00270,Citlali,Segura,Female,23,Mexico
CS00271,Rafael,González,Male,49,Colombia
CS00272,Cristian,Carmona,Female,62,Mexico
CS00273,Edwin,Rodríguez,Male,46,Colombia
CS00274,Carolina,Novaes,Female,23,Brazil
CS00275,Abraham,Cintrón,Female,43,Mexico
CS00276,Dolores,Tijerina,Female,37,Mexico
CS00277,María,Alvarado,Female,48,Chile
CS00278,Abelardo,Ramírez,Male,45,Chile
CS00279,Judith,Molina,Female,40,Chile
CS00280,Mercedes,Cárdenas,Female,35,Colombia
CS00281,Claudio,González,Male,32,Chile
CS00282,Mauro,Zúñiga,Female,38,Mexico
CS00283,Reina,Jimínez,Female,30,Mexico
CS00284,Carlos,Gómez,Male,35,Colombia
CS00285,Arturo,Barahona,Male,24,Chile
CS00286,Daniela,Escamilla,Male,36,Mexico
CS00287,Sebastián,Varas,Male,29,Chile
CS00288,Caio,Fernandes,Male,63,Brazil
CS00289,Caridad,Robledo,Male,35,Mexico
CS00290,Vicente,Porto,Male,53,Brazil
CS00291,Aldo,Bustos,Female,58,Mexico
CS00292,Luis,Rivas,Male,24,Colombia
CS00293,Luiz Gustavo,Araújo,Male,54,Brazil
CS00294,Hernán,Vélez,Male,48,Colombia
CS00295,Martín,Fuentes,Male,29,Chile
CS00296,Luiz Otávio,Cardoso,Male,34,Brazil
CS00297,Nidia,Calderón,Female,25,Colombia
CS00298,Erick,Costela,Male,43,Brazil
CS00299,Mirella,Moreira,Female,54,Brazil
CS00300,Eloah,Fogaça,Female,27,Brazil
CS00301,Eugenia,Ríos,Female,23,Chile
CS00302,Juan,da Rocha,Male,53,Brazil
CS00303,Felix,Parra,Male,56,Colombia
CS00304,Anel,Tejeda,Male,51,Mexico
CS00305,Antonio,Parra,Male,46,Colombia
CS00306,Luis,Muñoz,Male,37,Colombia
CS00307,Alícia,Farias,Female,57,Brazil
CS00308,Pedro Miguel,Barbosa,Male,31,Brazil
CS00309,Ana Luisa,Escamilla,Female,34,Mexico
CS00310,Olivia,Barbosa,Female,28,Brazil
CS00311,Flavio,Burgos,Male,53,Mexico
CS00312,María José,Franco,Male,18,Mexico
CS00313,Jesús,Ortega,Male,62,Colombia
CS00314,Alberto,Fernández,Male,36,Colombia
CS00315,Tomás,Sáenz,Male,36,Mexico
CS00316,Javiera,Vejar,Female,62,Chile
CS00317,José,Ramírez,Male,22,Colombia
CS00318,Miguel,Páez,Female,34,Mexico
CS00319,Conchita,Rocha,Female,45,Mexico
CS00320,Jacobo,Verdugo,Male,59,Mexico
CS00321,Mario,González,Male,27,Chile
CS00322,Pedro,Silva,Male,28,Brazil
CS00323,Héctor,Ávila,Male,56,Chile
CS00324,Daniela,López,Female,46,Chile
CS00325,María,Ríos,Female,62,Colombia
CS00326,Fabián,Ortiz,Male,35,Colombia
CS00327,Santiago,Garzón,Male,46,Colombia
CS00328,João Vitor,da Luz,Male,45,Brazil
CS00329,Patricio,Guajardo,Male,56,Chile
CS00330,Breno,Cardoso,Male,23,Brazil
CS00331,Nina,Santos,Female,61,Brazil
CS00332,Daniela,Maturana,Female,54,Chile
CS00333,Ángel,Bustos,Female,48,Mexico
CS00334,Luis,Bustamante,Male,35,Colombia
CS00335,Yamile,Barbosa,Female,58,Colombia
CS00336,Alberto,Alfonso,Male,23,Colombia
CS00337,Joaquín,Hormazábal,Male,44,Chile
CS00338,Natalia,Rodríguez,Female,60,Chile
CS00339,Linda,Meléndez,Female,39,Mexico
CS00340,Johana,Rodríguez,Female,36,Colombia
CS00341,Teresa,Melo,Female,53,Colombia
CS00342,Luz,Cárdenas,Female,23,Colombia
CS00343,Bruno,Mercado,Male,38,Chile
CS00344,Alberto,Díaz,Male,50,Colombia
CS00345,Erick,Silva,Male,60,Brazil
CS00346,Gustavo,Barreto,Male,44,Colombia
CS00347,Pedro,Roque,Male,51,Mexico
CS00348,Jorge,Melo,Male,58,Colombia
CS00349,Elisa,Gomes,Female,31,Brazil
CS00350,Carla,Matías,Male,36,Mexico
CS00351,Omar,Quintero,Male,25,Colombia
CS00352,Caridad,Adame,Male,63,Mexico
CS00353,Claudina,Núñez,Female,53,Chile
CS00354,Juan,Salazar,Male,23,Colombia
CS00355,Anthony,da Paz,Male,47,Brazil
CS00356,Lorenzo,Ferreira,Male,59,Brazil
CS00357,María Cristina,Saldivar,Female,49,Mexico
CS00358,Yasna,Marín,Female,50,Chile
CS00359,Sandra,Figueroa,Female,44,Chile
CS00360,Andrés,Jiménez,Male,48,Colombia
CS00361,Horacio,Soto,Male,53,Colombia
CS00362,Amparo,Caicedo,Female,30,Colombia
CS00363,Pedro,Escamilla,Male,22,Mexico
CS00364,Ángela,Rueda,Female,39,Colombia
CS00365,Mauricio,Inostroza,Male,18,Chile
CS00366,Héctor,Valladares,Male,55,Chile
CS00367,Camila,Torres,Female,27,Colombia
CS00368,Vladimir,Bonilla,Male,40,Colombia
CS00369,Rosalba,Romero,Female,47,Colombia
CS00370,José,Guzmán,Male,30,Chile
CS00371,Octavio,Zayas,Female,54,Mexico
CS00372,Ricardo,Trejo,Female,44,Mexico
CS00373,Carlos,Díaz,Male,65,Chile
CS00374,Liliana,Rodríguez,Female,42,Colombia
CS00375,Rolando,Olivárez,Male,49,Mexico
CS00376,Maria Cecília,Cavalcanti,Female,26,Brazil
CS00377,Flor,Martínez,Female,24,Chile
CS00378,Helena,Guerrero,Female,24,Colombia
CS00379,Felipe,Sánchez,Male,18,Colombia
CS00380,Francisco Javier,Munguía,Female,44,Mexico
CS00381,Mauro,Reséndez,Male,22,Mexico
CS00382,Erick,Cid,Male,39,Chile
CS00383,Ruth,Calderón,Female,59,Colombia
CS00384,Ariel,Contreras,Male,61,Chile
CS00385,Bladimir,Luna,Male,38,Colombia
CS00386,Felipe,Pinto,Male,52,Colombia
CS00387,Vitor Hugo,Cardoso,Male,33,Brazil
CS00388,Pascal,Bustos,Female,32,Chile
CS00389,Thomas,da Luz,Male,45,Brazil
CS00390,Vinicius,Carvalho,Male,58,Brazil
CS00391,Lucas,Rocha,Male,46,Brazil
CS00392,Elba,Lorca,Female,19,Chile
CS00393,Cristóbal,Rivera,Male,21,Chile
CS00394,Pilar,Martínez,Female,41,Chile
CS00395,Reynaldo,Sierra,Male,33,Mexico
CS00396,Jorge,Gaitán,Male,54,Colombia
CS00397,Mariano,Collazo,Male,28,Mexico
CS00398,Carolina,da Luz,Female,57,Brazil
CS00399,José,Andrade,Male,57,Colombia
CS00400,Gabriel,Gracia,Female,49,Mexico
CS00401,Alicia,Anaya,Male,32,Mexico
CS00402,Jefferson,Parra,Male,47,Chile
CS00403,Mariana,da Costa,Female,47,Brazil
CS00404,María,León,Female,61,Chile
CS00405,Serafín,Canales,Female,22,Mexico
CS00406,Carolina,Bravo,Female,55,Chile
CS00407,Beatriz,Valencia,Female,62,Colombia
CS00408,Erick,Parra,Male,37,Colombia
CS00409,Lina,Navarro,Female,48,Colombia
CS00410,Bernardo,Benítez,Female,42,Mexico
CS00411,Jenniffer,Osses,Female,54,Chile
CS00412,Enrique,Calderón,Male,19,Chile
CS00413,Rafael,Díaz,Male,35,Colombia
CS00414,João Pedro,Melo,Male,56,Brazil
CS00415,Andrés,Galvis,Male,36,Colombia
CS00416,Gonzalo,Alfaro,Male,56,Mexico
CS00417,Francisco,Varas,Male,32,Chile
CS00418,Clemente,Almonte,Male,57,Mexico
CS00419,Abraham,Chacón,Male,58,Mexico
CS00420,Pedro Lucas,Campos,Male,37,Brazil
CS00421,Eduar,Jiménez,Male,20,Colombia
CS00422,Elizabeth,Alvarado,Female,64,Chile
CS00423,Nicole,Cavalcanti,Female,36,Brazil
CS00424,Laura,Orozco,Female,29,Colombia
CS00425,Dulce,Dávila,Male,52,Mexico
CS00426,Johanna,Sanhueza,Female,51,Chile
CS00427,Paulina,Orellana,Female,28,Chile
CS00428,Alex,Mantilla,Male,36,Colombia
CS00429,Angélica,Poblete,Female,25,Chile
CS00430,Heloísa,Costa,Female,27,Brazil
CS00431,Gonzalo,Gamez,Male,61,Mexico
CS00432,Teresa,Rincón,Female,53,Colombia
CS00433,Rafael,da Costa,Male,43,Brazil
CS00434,Freddy,Ponce,Male,52,Chile
CS00435,Erika,Reyes,Female,41,Colombia
CS00436,Florencia,Román,Female,55,Chile
CS00437,Agustina,Núñez,Female,24,Chile
CS00438,Juan,Leiva,Male,48,Mexico
CS00439,Daisy,Coronado,Female,57,Chile
CS00440,Emanuella,Martins,Female,58,Brazil
CS00441,Milena,Vásquez,Female,62,Colombia
CS00442,Isabel,Salas,Female,25,Colombia
CS00443,Maitê,Peixoto,Female,20,Brazil
CS00444,César,Benítez,Male,25,Colombia
CS00445,Julio César,Nieves,Female,52,Mexico
CS00446,Viviana,Sánchez,Female,47,Colombia
CS00447,David,Villa,Male,55,Colombia
CS00448,Julio César,Mares,Female,44,Mexico
CS00449,Luiza,da Mota,Female,49,Brazil
CS00450,Sara,Moreno,Female,35,Colombia
CS00451,Daisy,Mella,Female,31,Chile
CS00452,Alexander,Díaz,Male,33,Colombia
CS00453,Claudio,Torres,Male,24,Chile
CS00454,Jorge,Altamirano,Male,52,Chile
CS00455,Mónica,Vallejos,Female,21,Chile
CS00456,Benjamín,Ormeño,Male,30,Chile
CS00457,Diego,Nascimento,Male,47,Brazil
CS00458,Arcelia,Alonso,Male,59,Mexico
CS00459,Carlos Eduardo,da Conceição,Male,21,Brazil
CS00460,Daniela,Solís,Female,33,Chile
CS00461,Soledad,Sierra,Male,54,Mexico
CS00462,Noah,Cavalcanti,Male,53,Brazil
CS00463,Francisca,Llamas,Male,32,Mexico
CS00464,Mercedes,Corrales,Male,56,Mexico
CS00465,Carolina,Pino,Female,27,Chile
CS00466,Fernando,Aranda,Female,52,Mexico
CS00467,Mariana,Peralta,Male,25,Mexico
CS00468,Leandro,da Rocha,Male,26,Brazil
CS00469,Juan,Villanueva,Male,33,Chile
CS00470,Máximo,Vargas,Male,19,Chile
CS00471,Marina,Araya,Female,21,Chile
CS00472,Carlos,Gutiérrez,Male,51,Colombia
CS00473,Vitor,Rodrigues,Male,48,Brazil
CS00474,Bastián,Gutiérrez,Male,50,Chile
CS00475,Pedro Henrique,da Paz,Male,46,Brazil
CS00476,Dolores,Roybal,Male,57,Mexico
CS00477,Javier,Zambrano,Male,47,Chile
CS00478,Sarah,da Rocha,Female,21,Brazil
CS00479,Milena,Álvarez,Female,45,Colombia
CS00480,Breno,Rezende,Male,49,Brazil
CS00481,Rosalba,Ávila,Female,22,Colombia
CS00482,Nathan,Silveira,Male,38,Brazil
CS00483,Isaac,Cedillo,Female,22,Mexico
CS00484,Sergio,Bravo,Male,57,Chile
CS00485,Eusebio,Arancibia,Male,42,Chile
CS00486,Rodrigo,Troncoso,Male,47,Chile
CS00487,Lilia,Moreno,Female,24,Colombia
CS00488,Samuel,Fogaça,Male,59,Brazil
CS00489,Gabriela,Granado,Male,45,Mexico
CS00490,Rodolfo,Enríquez,Male,44,Mexico
CS00491,Alba,Naranjo,Female,43,Colombia
CS00492,Rafael,da Conceição,Male,38,Brazil
CS00493,Ignacio,Guerrero,Male,60,Chile
CS00494,Anahí,Gajardo,Female,27,Chile
CS00495,Luis,Reyes,Male,22,Colombia
CS00496,André,Fernandes,Male,23,Brazil
CS00497,Anthony,Peixoto,Male,65,Brazil
CS00498,Juan,Aguilar,Male,26,Chile
CS00499,Amanda,Pereira,Female,55,Brazil
CS00500,José,Fuentes,Male,60,Chile
CS00501,Ricardo,Gamboa,Male,40,Colombia
CS00502,Francisco,Fajardo,Male,64,Colombia
CS00503,Ignacio,Cortés,Male,56,Chile
CS00504,Natalia,Díaz,Female,24,Chile
CS00505,Victoria,Terán,Male,27,Mexico
CS00506,Orlando,Cáceres,Male,32,Colombia
CS00507,Mariana,Dias,Female,40,Brazil
CS00508,Carlos,Olguín,Male,25,Chile
CS00509,Marcelo,Aguilar,Male,54,Chile
CS00510,Andrea,Pérez,Female,53,Colombia
CS00511,Clara,Teixeira,Female,56,Brazil
CS00512,Miguel,Cárcamo,Male,19,Chile
CS00513,Lorenzo,Lagos,Male,62,Chile
CS00514,María,Cruz,Female,39,Chile
CS00515,Yago,Fogaça,Male,29,Brazil
CS00516,Bernabé,González,Female,54,Mexico
CS00517,Angélica,Moreno,Female,22,Colombia
CS00518,Davi,da Rocha,Male,23,Brazil
CS00519,Sonia,Archuleta,Male,42,Mexico
CS00520,Jeison,Vélez,Male,39,Colombia
CS00521,Pascal,Hurtado,Female,37,Chile
CS00522,Frank,Cáceres,Male,54,Chile
CS00523,Murilo,Viana,Male,21,Brazil
CS00524,Marcela,Rivero,Female,57,Mexico
CS00525,Maria,Ribeiro,Female,35,Brazil
CS00526,Jhoan,Castañeda,Male,49,Colombia
CS00527,Mayra,Bonilla,Female,44,Colombia
CS00528,Vanesa,Villarreal,Female,50,Mexico
CS00529,Piero,Castro,Male,45,Chile
CS00530,Herminio,González,Male,61,Chile
CS00531,Karen,Arias,Female,51,Colombia
CS00532,Carla,López,Female,20,Chile
CS00533,Diego,Ibarra,Male,56,Colombia
CS00534,Lívia,Novaes,Female,31,Brazil
CS00535,Esmeralda,Fonseca,Female,26,Mexico
CS00536,Karen,Aguirre,Female,36,Chile
CS00537,Enzo Gabriel,Cardoso,Male,18,Brazil
CS00538,Sebastián,Medina,Male,29,Colombia
CS00539,Luz,Rodríguez,Female,52,Colombia
CS00540,Pascual,Iglesias,Female,50,Mexico
CS00541,Olga,Riquelme,Female,22,Chile
CS00542,Lucas Gabriel,Aragão,Male,45,Brazil
CS00543,María,Jaramillo,Female,22,Colombia
CS00544,Mario,Morales,Male,54,Chile
CS00545,Janneth,Contreras,Female,63,Colombia
CS00546,César,Fajardo,Male,36,Colombia
CS00547,Martha,Arias,Female,19,Colombia
CS00548,Valentina,Cifuentes,Female,28,Chile
CS00549,Jimena,Sanabria,Female,62,Colombia
CS00550,Flor,Aguilera,Female,23,Chile
CS00551,Miguel,Barros,Male,33,Brazil
CS00552,Carlos,Quintero,Male,51,Colombia
CS00553,María,Castro,Female,37,Colombia
CS00554,Juan,Henríquez,Male,32,Chile
CS00555,Alvaro,Soto,Male,22,Mexico
CS00556,Carlos Eduardo,Lima,Male,51,Brazil
CS00557,Karla,Santillán,Female,40,Mexico
CS00558,Socorro,Garrido,Female,33,Mexico
CS00559,Natividad,Velázquez,Female,34,Mexico
CS00560,Gonzalo,Ramírez,Male,56,Mexico
CS00561,Laura,Barbosa,Female,29,Brazil
CS00562,César,González,Male,47,Colombia
CS00563,Edwin,Delgado,Male,61,Colombia
CS00564,Rosario,Bello,Female,58,Chile
CS00565,Helena,Zelaya,Male,46,Mexico
CS00566,Camilo,Hernández,Male,46,Colombia
CS00567,Esteban,Cancino,Male,35,Chile
CS00568,João Pedro,Ribeiro,Male,40,Brazil
CS00569,Isis,Costela,Female,37,Brazil
CS00570,Carol,Orozco,Female,20,Colombia
CS00571,Angelo,Torres,Male,36,Chile
CS00572,Calebe,Cardoso,Male,57,Brazil
CS00573,Claudia,Rojas,Female,47,Colombia
CS00574,Mariane,da Paz,Female,46,Brazil
CS00575,Esther,Marrero,Female,38,Mexico
CS00576,John,Zapata,Male,50,Colombia
CS00577,Otávio,Ribeiro,Male,46,Brazil
CS00578,Valeria,Márquez,Female,63,Chile
CS00579,Úrsula,Carreón,Male,20,Mexico
CS00580,Emilio,Ramírez,Male,46,Colombia
CS00581,Aurelio,Noriega,Male,41,Mexico
CS00582,Mateo,Mendoza,Male,42,Chile
CS00583,Uberlinda,Álvarez,Female,61,Chile
CS00584,Luiz Otávio,Ferreira,Male,58,Brazil
CS00585,Daniel,Barrera,Male,22,Chile
CS00586,Maria Cecília,Caldeira,Female,53,Brazil
CS00587,Cindy,Bernal,Female,36,Colombia
CS00588,Luis Manuel,Alcántar,Female,39,Mexico
CS00589,Marisol,Portillo,Female,40,Mexico
CS00590,León,Bernal,Male,26,Colombia
CS00591,André,Azevedo,Male,37,Brazil
CS00592,Piedad,Pulido,Female,59,Colombia
CS00593,María,Flores,Female,26,Chile
CS00594,Emilly,Dias,Female,59,Brazil
CS00595,David,Caicedo,Male,50,Colombia
CS00596,Nicole,Ferreira,Female,41,Brazil
CS00597,Mónica,Domínguez,Male,31,Mexico
CS00598,Jimena,Rivera,Female,30,Colombia
CS00599,Isabel,Villalobos,Female,27,Mexico
CS00600,Manuel,Quezada,Male,24,Chile
CS00601,Daniela,da Rocha,Female,60,Brazil
CS00602,Tania,Esquivel,Female,56,Mexico
CS00603,Marisol,Arias,Male,28,Mexico
CS00604,Isabel,Mata,Male,64,Mexico
CS00605,João Felipe,Carvalho,Male,44,Brazil
CS00606,Pedro,Ulloa,Male,46,Mexico
CS00607,Isolina,Ibarra,Female,65,Chile
CS00608,Yolima,Guerrero,Female,32,Colombia
CS00609,Martín,de la Torre,Female,37,Mexico
CS00610,Stella,Molina,Female,30,Colombia
CS00611,Luisa,Arboleda,Female,47,Colombia
CS00612,Trinidad,Donoso,Female,42,Chile
CS00613,Wilmer,Quintero,Male,28,Colombia
CS00614,Dulce,Oquendo,Male,56,Mexico
CS00615,Ramon,Parra,Male,21,Chile
CS00616,Brayan,Bautista,Male,41,Colombia
CS00617,Danilo,da Costa,Male,63,Brazil
CS00618,Luiz Otávio,Aragão,Male,36,Brazil
CS00619,Aida,Saucedo,Male,35,Mexico
CS00620,Isabela,Santana,Female,45,Mexico
CS00621,Alfonso,Badillo,Male,46,Mexico
CS00622,Nancy,Díaz,Female,19,Chile
CS00623,Alexia,Porto,Female,43,Brazil
CS00624,Ricardo,Orellana,Male,33,Chile
CS00625,João Miguel,Barros,Male,41,Brazil
CS00626,Benjamin,Cardoso,Male,38,Brazil
CS00627,Nicolas,Farias,Male,63,Brazil
CS00628,Félix,Álvarez,Male,27,Chile
CS00629,Kamilly,Barros,Female,36,Brazil
CS00630,Antonio,Castaño,Male,62,Colombia
CS00631,Frida,Esquibel,Male,63,Mexico
CS00632,Franklin,Herrera,Male,57,Colombia
CS00633,Alana,das Neves,Female,19,Brazil
CS00634,Gerónimo,Prado,Male,27,Mexico
CS00635,Kevin,Benítez,Male,25,Colombia
CS00636,Juan,Huerta,Male,33,Chile
CS00637,Davi Lucca,da Cunha,Male,21,Brazil
CS00638,Tatiana,López,Female,58,Colombia
CS00639,Luis,Rodríguez,Male,22,Colombia
CS00640,María,Suárez,Female,56,Colombia
CS00641,Luigi,Novaes,Male,58,Brazil
CS00642,Cynthia,Montero,Female,63,Mexico
CS00643,Alan,Salinas,Male,45,Chile
CS00644,Fernanda,Moreno,Female,33,Chile
CS00645,Daniel,Angulo,Male,29,Colombia
CS00646,Davi,Melo,Male,51,Brazil
CS00647,Eduardo,Matus,Male,22,Chile
CS00648,Nina,Sales,Female,42,Brazil
CS00649,Luz,Martínez,Female,20,Colombia
CS00650,Ernesto,Moreno,Male,41,Colombia
CS00651,Eloah,Moreira,Female,40,Brazil
CS00652,Bárbara,da Rosa,Female,40,Brazil
CS00653,Isabella,Caldeira,Female,55,Brazil
CS00654,Marjorie,Salinas,Female,26,Chile
CS00655,Florencia,Ríos,Female,52,Chile
CS00656,Georgina,Garibay,Male,61,Mexico
CS00657,Katerine,Vega,Female,58,Colombia
CS00658,Hernán,Muro,Female,22,Mexico
CS00659,Teresa,Bohórquez,Female,20,Colombia
CS00660,Trinidad,Zarate,Female,20,Mexico
CS00661,Serafín,Fernández,Male,20,Mexico
CS00662,María,Carmona,Female,50,Chile
CS00663,Enrique,Villa,Male,34,Colombia
CS00664,Barbara,Valdez,Male,36,Mexico
CS00665,Ana Beatriz,Fogaça,Female,59,Brazil
CS00666,Maribel,Madrid,Female,25,Chile
CS00667,Carla,Alfaro,Female,45,Chile
CS00668,Doris,Narváez,Female,65,Colombia
CS00669,Estella,Cruz,Female,39,Colombia
CS00670,Ricardo,Trujillo,Male,49,Mexico
CS00671,David,Buitrago,Male,41,Colombia
CS00672,Carolina,Maldonado,Female,23,Chile
CS00673,Lorenzo,Peña,Male,23,Colombia
CS00674,Eugenio,Matos,Male,52,Mexico
CS00675,Alexis,Figueroa,Male,24,Chile
CS00676,Ana,González,Female,60,Chile
CS00677,Joaquín,Fuentes,Male,46,Chile
CS00678,Milena,Murillo,Female,28,Colombia
CS00679,Jesús,Muñoz,Male,40,Colombia
CS00680,João Vitor,Viana,Male,64,Brazil
CS00681,Rosa,San Martín,Female,57,Chile
CS00682,Félix,Fernández,Male,58,Chile
CS00683,Sarah,Cardoso,Female,22,Brazil
CS00684,Johana,Castro,Female,41,Colombia
CS00685,Aurora,Chavarría,Female,19,Mexico
CS00686,Yeny,López,Female,20,Colombia
CS00687,Camila,Ramos,Female,33,Brazil
CS00688,Anahí,Mejías,Female,41,Chile
CS00689,Yago,Moraes,Male,56,Brazil
CS00690,Adolfo,Díaz,Male,41,Colombia
CS00691,Milton,Arias,Male,22,Colombia
CS00692,Rafaél,Cabrera,Male,51,Mexico
CS00693,Olga,Quintero,Female,38,Colombia
CS00694,Fernanda,Venegas,Female,33,Chile
CS00695,Davi Lucas,Cardoso,Male,19,Brazil
CS00696,Susana,Tamayo,Female,49,Mexico
CS00697,Dayana,Villamil,Female,53,Colombia
CS00698,Carlos,Bravo,Male,34,Chile
CS00699,William,García,Male,31,Colombia
CS00700,Lilian,Bustamante,Female,62,Chile
CS00701,Juan,López,Male,30,Colombia
CS00702,Silvano,Marín,Female,22,Mexico
CS00703,Miguel Ángel,Garibay,Female,63,Mexico
CS00704,Rafael,Moura,Male,61,Brazil
CS00705,Camila,Flores,Female,60,Chile
CS00706,Maria Cecília,Nunes,Female,53,Brazil
CS00707,Isidora,Inostroza,Female,37,Chile
CS00708,Karina,Esparza,Female,63,Mexico
CS00709,Susana,Alvarado,Female,41,Mexico
CS00710,Eric,Oquendo,Male,25,Mexico
CS00711,Emiliano,Maya,Female,26,Mexico
CS00712,Sebastián,Ángel,Male,19,Colombia
CS00713,Tamara,Meneses,Female,47,Chile
CS00714,Karina,Santillán,Male,57,Mexico
CS00715,Laís,Aragão,Female,22,Brazil
CS00716,Wilson,Parada,Male,63,Colombia
CS00717,Mariela,Molina,Female,51,Colombia
CS00718,Leidy,Rodríguez,Female,54,Colombia
CS00719,Eugenia,Garibay,Female,38,Mexico
CS00720,Júlia,Dias,Female,46,Brazil
CS00721,Luis,Silva,Male,26,Chile
CS00722,Trinidad,Marrero,Male,26,Mexico
CS00723,Daniela,Cardoso,Female,25,Brazil
CS00724,Esperanza,Tamayo,Male,37,Mexico
CS00725,Angélica,Ulloa,Female,38,Mexico
CS00726,Lorenzo,Mateo,Female,40,Mexico
CS00727,Francisca,Cornejo,Female,23,Chile
CS00728,Cristina,Blanco,Female,58,Mexico
CS00729,Vanessa,Cárcamo,Female,26,Chile
CS00730,Roberto,Parra,Male,57,Chile
CS00731,Benício,Porto,Male,50,Brazil
CS00732,Cynthia,Cervántez,Male,55,Mexico
CS00733,Antonia,Soliz,Female,28,Mexico
CS00734,Rosa,Montoya,Female,54,Chile
CS00735,Melissa,Barros,Female,23,Brazil
CS00736,María,Núñez,Female,59,Chile
CS00737,Teresa,Hernández,Female,57,Colombia
CS00738,Pedro,Martins,Male,49,Brazil
CS00739,Carlos,Vega,Male,59,Chile
CS00740,Joaquín,Mora,Male,48,Chile
CS00741,Carlos,Jiménez,Male,37,Colombia
CS00742,Calebe,Nunes,Male,62,Brazil
CS00743,María Teresa,Lemus,Female,46,Mexico
CS00744,Luis,Uribe,Male,47,Colombia
CS00745,Francisco,Bravo,Male,56,Chile
CS00746,José,Barrientos,Male,63,Chile
CS00747,Berta,Toledo,Female,43,Chile
CS00748,Rubén,Villegas,Male,50,Chile
CS00749,Alice,Santos,Female,38,Brazil
CS00750,Karol,Contreras,Female,25,Colombia
CS00751,Jorge,Fernández,Male,33,Colombia
CS00752,Alana,Santos,Female,21,Brazil
CS00753,Julieth,Martínez,Female,57,Colombia
CS00754,Pamela,Bustos,Male,28,Mexico
CS00755,Daniela,Espinoza,Female,54,Chile
CS00756,Jorge,Contreras,Male,30,Chile
CS00757,Cornelio,Barreto,Male,49,Mexico
CS00758,Paula,Mejía,Female,49,Colombia
CS00759,Herminda,Alarcón,Female,49,Chile
CS00760,Daniel,Barros,Male,43,Brazil
CS00761,Jean,Tamayo,Male,33,Colombia
CS00762,Elena,Fuentes,Female,21,Chile
CS00763,Evaristo,Piña,Male,49,Chile
CS00764,Andrés,Henao,Male,36,Colombia
CS00765,Luiz Gustavo,Novaes,Male,24,Brazil
CS00766,Santiago,Camarillo,Female,34,Mexico
CS00767,Sandra,Rivas,Female,43,Chile
CS00768,Levi,Pereira,Male,43,Brazil
CS00769,Antonia,Botello,Female,41,Mexico
CS00770,Alice,Guzmán,Female,22,Chile
CS00771,David,Rodríguez,Male,53,Colombia
CS00772,Eduarda,Freitas,Female,26,Brazil
CS00773,Thales,Costa,Male,43,Brazil
CS00774,Raquel,Ahumada,Female,53,Chile
CS00775,Berta,Reyes,Female,27,Chile
CS00776,Milena,Toro,Female,50,Colombia
CS00777,Letícia,Cardoso,Female,20,Brazil
CS00778,Luz,Castro,Female,48,Chile
CS00779,Eduardo,Muñoz,Male,27,Colombia
CS00780,Adela,Ontiveros,Male,38,Mexico
CS00781,Nelson,Cornejo,Male,28,Chile
CS00782,Pamela,Molina,Female,55,Chile
CS00783,David,Giraldo,Male,63,Colombia
CS00784,Bastián,Aravena,Male,48,Chile
CS00785,Clara,Nunes,Female,41,Brazil
CS00786,João Felipe,da Costa,Male,44,Brazil
CS00787,Fernando,Cea,Male,64,Chile
CS00788,Maria Clara,Rodrigues,Female,56,Brazil
CS00789,Macarena,Castillo,Female,59,Chile
CS00790,Omar,Muñiz,Male,64,Mexico
CS00791,Alba,Agudelo,Female,28,Colombia
CS00792,Henry,Vargas,Male,27,Colombia
CS00793,Asunción,Romero,Male,20,Mexico
CS00794,Alice,da Rosa,Female,30,Brazil
CS00795,Camilo,Castro,Male,38,Colombia
CS00796,Julio César,Gálvez,Female,44,Mexico
CS00797,María Luisa,Quesada,Female,44,Mexico
CS00798,Ruby,Quintero,Female,65,Colombia
CS00799,Gabriela,Costa,Female,63,Brazil
CS00800,Celia,Sevilla,Male,53,Mexico
CS00801,Julián,García,Male,51,Colombia
CS00802,Rosa,Arriagada,Female,29,Chile
CS00803,Susana,Muñoz,Female,52,Chile
CS00804,Víctor,Méndez,Male,57,Chile
CS00805,Juan Carlos,Villegas,Female,33,Mexico
CS00806,Rodrigo,Uribe,Male,32,Chile
CS00807,Matías,Quezada,Male,36,Chile
CS00808,Pilar,Rocha,Female,62,Mexico
CS00809,David,García,Male,38,Colombia
CS00810,Pía,Olivares,Female,53,Chile
CS00811,José,García,Male,36,Chile
CS00812,Elcy,Castañeda,Female,43,Colombia
CS00813,Cecilia,Segura,Female,27,Chile
CS00814,Carlos Eduardo,Costela,Male,36,Brazil
CS00815,Ana Sophia,Moraes,Female,40,Brazil
CS00816,Cielo,Vargas,Female,59,Colombia
CS00817,Silvia,Domínguez,Female,31,Colombia
CS00818,Fernanda,Aravena,Female,53,Chile
CS00819,Graciela,Araya,Female,26,Chile
CS00820,Diana,Valentín,Male,33,Mexico
CS00821,Jaime,Abreu,Female,58,Mexico
CS00822,Davi Lucca,Pires,Male,24,Brazil
CS00823,María,Moncada,Female,63,Chile
CS00824,João Vitor,Teixeira,Male,61,Brazil
CS00825,Jacinto,Ulloa,Female,18,Mexico
CS00826,María del Carmen,Hurtado,Female,44,Mexico
CS00827,Lina,Cabrera,Female,48,Colombia
CS00828,Gustavo,Vergara,Female,36,Mexico
CS00829,Noemí,Osorio,Female,59,Chile
CS00830,Guilherme,Costa,Male,59,Brazil
CS00831,Enrique,Tamayo,Male,52,Mexico
CS00832,Ana Julia,Alves,Female,29,Brazil
CS00833,Jesús,Heredia,Female,20,Mexico
CS00834,Edith,Ortega,Female,49,Colombia
CS00835,Fanny,Gutiérrez,Female,20,Chile
CS00836,Manuel,Zúñiga,Male,54,Chile
CS00837,Alexia,da Costa,Female,39,Brazil
CS00838,Esneider,Agudelo,Male,59,Colombia
CS00839,Yuli,Vélez,Female,26,Colombia
CS00840,Patricia,Lozano,Female,35,Colombia
CS00841,Carlos Eduardo,Moura,Male,39,Brazil
CS00842,Jorge,Paz,Male,59,Colombia
CS00843,María Cristina,Badillo,Female,18,Mexico
CS00844,José,Medina,Male,36,Chile
CS00845,Lorenzo,Jiménez,Female,29,Mexico
CS00846,Harvey,Rodríguez,Male,45,Colombia
CS00847,Alma,Aguirre,Female,23,Chile
CS00848,Emanuelly,da Costa,Female,29,Brazil
CS00849,Laura,Salcedo,Male,48,Mexico
CS00850,Estela,Mena,Female,18,Mexico
CS00851,Marcela,Bernal,Female,33,Colombia
CS00852,Jorge,Díaz,Male,39,Chile
CS00853,Ana Beatriz,da Mata,Female,34,Brazil
CS00854,Alejandra,González,Female,62,Chile
CS00855,Renan,da Conceição,Male,60,Brazil
CS00856,Julia,Valencia,Female,37,Colombia
CS00857,Mario,Narváez,Male,61,Colombia
CS00858,Diego,González,Male,62,Chile
CS00859,Julio,Escalona,Male,41,Chile
CS00860,Guadalupe,Estévez,Female,32,Mexico
CS00861,Ruby,Nava,Female,48,Mexico
CS00862,Astrid,Agudelo,Female,65,Colombia
CS00863,Cristian,González,Male,44,Chile
CS00864,Rodolfo,Salazar,Male,52,Colombia
CS00865,Gonzalo,Huerta,Male,33,Mexico
CS00866,Nicole,Pinto,Female,51,Brazil
CS00867,Patricia,Vásquez,Female,22,Chile
CS00868,Matheus,Santos,Male,21,Brazil
CS00869,Joaquín,Tapia,Male,54,Mexico
CS00870,Antonio,Huerta,Male,28,Mexico
CS00871,Wilmar,Ortega,Male,25,Colombia
CS00872,Evelio,Rosas,Female,63,Mexico
CS00873,Luis,Silva,Male,23,Colombia
CS00874,María,Sarmiento,Female,21,Colombia
CS00875,Benito,Muñiz,Male,50,Mexico
CS00876,Iván,Zapata,Male,54,Colombia
CS00877,Omar,Marín,Male,61,Colombia
CS00878,Jacqueline,Núñez,Female,64,Chile
CS00879,Fredy,Cárdenas,Male,34,Colombia
CS00880,Maria Clara,Melo,Female,65,Brazil
CS00881,Luiz Felipe,Jesus,Male,20,Brazil
CS00882,José,Venegas,Male,62,Chile
CS00883,Catarina,Mendes,Female,22,Brazil
CS00884,Danilo,Córdoba,Male,20,Colombia
CS00885,Steven,Vargas,Male,29,Colombia
CS00886,Clemente,Mares,Female,59,Mexico
CS00887,Sandra,Rivera,Female,41,Colombia
CS00888,Tatiana,Garzón,Female,46,Colombia
CS00889,Andrea,Rojas,Female,42,Colombia
CS00890,Flavio,Espino,Female,59,Mexico
CS00891,Eliana,Zapata,Female,25,Chile
CS00892,Marcela,Ramos,Female,51,Colombia
CS00893,Reina,Riojas,Male,18,Mexico
CS00894,Luiz Miguel,Lopes,Male,37,Brazil
CS00895,Amparo,Murcia,Female,52,Colombia
CS00896,Gerardo,Vera,Male,33,Mexico
CS00897,Felipe,Sandoval,Male,27,Chile
CS00898,Magdalena,Bañuelos,Male,64,Mexico
CS00899,Alice,Sales,Female,20,Brazil
CS00900,Enrique,Barbosa,Male,57,Colombia
CS00901,Leandro,Cardoso,Male,33,Brazil
CS00902,Luigi,da Rosa,Male,24,Brazil
CS00903,Beatriz,Cardoso,Female,46,Brazil
CS00904,Raul,Barbosa,Male,33,Brazil
CS00905,Brenda,Ramos,Female,43,Brazil
CS00906,Virginia,Sepúlveda,Male,52,Mexico
CS00907,Vitória,Alves,Female,26,Brazil
CS00908,Fernando,Arredondo,Male,32,Chile
CS00909,Claudia,Ortiz,Female,54,Chile
CS00910,Rolando,Retamales,Male,33,Chile
CS00911,José Eduardo,Mendoza,Male,60,Mexico
CS00912,Héctor,Longoria,Male,44,Mexico
CS00913,Camila,Tapia,Female,21,Chile
CS00914,Gerónimo,Loera,Female,58,Mexico
CS00915,Yulieth,León,Female,53,Colombia
CS00916,Juan,Araújo,Male,40,Brazil
CS00917,Vanesa,Martínez,Female,51,Colombia
CS00918,Virginia,Palacios,Female,44,Colombia
CS00919,Cristian,Serrano,Male,42,Chile
CS00920,Carmen,Rivas,Female,33,Colombia
CS00921,David,Jaime,Female,37,Mexico
CS00922,Fernando,Arenas,Male,47,Mexico
CS00923,Alexandre,Mendes,Male,53,Brazil
CS00924,Elena,Arteaga,Female,53,Colombia
CS00925,Rolando,Cuellar,Male,42,Mexico
CS00926,José,Briceño,Male,31,Chile
CS00927,Marina,Azevedo,Female,46,Brazil
CS00928,Benjamín,Navarro,Male,23,Chile
CS00929,Soledad,Lemus,Female,21,Mexico
CS00930,Javier,Díaz,Male,61,Colombia
CS00931,Yago,Gonçalves,Male,22,Brazil
CS00932,Celia,Patiño,Female,48,Mexico
CS00933,Margarita,Henríquez,Female,37,Chile
CS00934,Benício,da Costa,Male,31,Brazil
CS00935,Renato,Márquez,Female,65,Mexico
CS00936,Judith,Bolaños,Female,33,Colombia
CS00937,Rodolfo,Farías,Male,43,Mexico
CS00938,María Teresa,Rael,Female,53,Mexico
CS00939,Claudia,Rojo,Female,42,Chile
CS00940,María,Piña,Female,37,Chile
CS00941,Pablo,Palma,Male,50,Chile
CS00942,Leidy,Guerrero,Female,47,Colombia
CS00943,Óscar,Mosquera,Male,38,Colombia
CS00944,Socorro,Gurule,Male,41,Mexico
CS00945,Vanesa,Gómez,Female,20,Colombia
CS00946,Alonso,Cornejo,Male,65,Mexico
CS00947,Enrico,Pinto,Male,34,Brazil
CS00948,Paola,Sánchez,Female,36,Colombia
CS00949,Zacarías,Valdez,Female,39,Mexico
CS00950,Daniel,Rivera,Male,54,Colombia
CS00951,Leticia,Grijalva,Male,49,Mexico
CS00952,Samuel,González,Male,34,Chile
CS00953,Jesús,Cuesta,Male,64,Colombia
CS00954,Fredy,Bohórquez,Male,47,Colombia
CS00955,Fabiola,Rodríguez,Female,28,Chile
CS00956,Fabio,Carvajal,Male,29,Colombia
CS00957,Theo,Azevedo,Male,51,Brazil
CS00958,Renan,da Paz,Male,60,Brazil
CS00959,Heloísa,Viana,Female,44,Brazil
CS00960,Pablo,Nazario,Female,22,Mexico
CS00961,Gustavo,Figueroa,Female,18,Mexico
CS00962,Yair,Hernández,Male,41,Colombia
CS00963,Nancy,Morales,Female,60,Colombia
CS00964,Eduarda,da Paz,Female,18,Brazil
CS00965,Gonzalo,Cuéllar,Male,18,Colombia
CS00966,Verónica,Ibarra,Female,52,Chile
CS00967,Carol,Araya,Female,19,Chile
CS00968,Inés,Sánchez,Female,29,Colombia
CS00969,Bernardo,Lima,Male,51,Brazil
CS00970,Gabriel,Roldán,Female,30,Mexico
CS00971,Viviana,Sánchez,Female,40,Chile
CS00972,Fernando,Molina,Male,23,Colombia
CS00973,Leonardo,Molina,Male,47,Colombia
CS00974,Isabel,Pabón,Male,62,Mexico
CS00975,Marcela,Piña,Female,61,Chile
CS00976,Mirella,Nunes,Female,59,Brazil
CS00977,Milena,Silva,Female,23,Brazil
CS00978,Beatriz,Gaviria,Female,42,Colombia
CS00979,Carlos,Murillo,Male,21,Colombia
CS00980,Fernanda,Vieira,Female,62,Brazil
CS00981,Noah,Almeida,Male,49,Brazil
CS00982,Dora,Duque,Female,59,Colombia
CS00983,Bastián,Quezada,Male,54,Chile
CS00984,Brenda,Gonçalves,Female,51,Brazil
CS00985,João,Duarte,Male,32,Brazil
CS00986,Sandra,Ayala,Female,35,Colombia
CS00987,Júlia,Gonçalves,Female,61,Brazil
CS00988,Hernán,Solís,Male,52,Chile
CS00989,Luiz Gustavo,Martins,Male,29,Brazil
CS00990,María,Vergara,Female,19,Chile
CS00991,Abigail,Riojas,Male,55,Mexico
CS00992,Jaime,Guerrero,Male,22,Colombia
CS00993,Eva,Lucero,Male,54,Mexico
CS00994,Alberto,Osorio,Male,61,Colombia
CS00995,Tomás,Lazcano,Male,42,Chile
CS00996,Ignacio,Santillán,Female,62,Mexico
CS00997,Alana,Fogaça,Female,50,Brazil
CS00998,María,Fuenzalida,Female,21,Chile
CS00999,Nelson,Rueda,Male,32,Colombia
CS01000,Isabella,Ribeiro,Female,39,Brazil
CS01001,Isabel,Guzmán,Female,38,Colombia
